[{
    "eid":101,
    "name":"Shreya",
    "address":[
        {
        "street":"Gandhinagar",
        "city":"Pimpri",
        "state":"Maharastra"
    },
    {
        "street":"Sambhajinagar",
        "city":"Chinchwad",
        "state":"Maharastra"
    },
    {
    "desig":"Developer",
    "salary":250000
}
],
"desig": "Developer",
"salary" :25000
},
{
    "eid":101,
    "name":"Shreya",
    "address":[
        {
        "street":"Gandhinagar",
        "city":"Pimpri",
        "state":"Maharastra"
    },
    {
        "street":"Sambhajinagar",
        "city":"Chinchwad",
        "state":"Maharastra"
    }
    ],
    "desig":"Developer",
    "salary":250000
}]